month,year,supplier_id,supplier_name,total_orders,on_time_deliveries,late_deliveries,on_time_rate_pct,avg_lead_time_days,total_defects,defect_rate_pct,total_spend_usd,cost_variance_pct,responsiveness_score,overall_score
1,2023,SUP001,Al Rajhi Materials Co.,11,9,2,81.8,23.5,24,1.86,12640.02,5.12,4.8,92.1
1,2023,SUP002,Gulf Packaging Ltd.,19,14,5,73.7,18.5,28,1.02,118709.58,-2.9,4.3,87.8
1,2023,SUP003,Eastern Chemicals Corp.,11,10,1,90.9,10.9,28,1.39,14278.89,14.15,4.0,89.1
1,2023,SUP004,Dubai Steel Industries,30,27,3,90.0,11.3,5,0.09,62109.05,-9.08,3.5,87.7
1,2023,SUP005,Nile Textiles Co.,22,16,6,72.7,5.5,3,0.26,102230.09,-7.65,3.9,84.7
1,2023,SUP006,Turkish Components AG,38,36,2,94.7,23.1,59,1.13,70294.37,4.03,2.9,86.8
1,2023,SUP007,Shanghai Electronics Ltd.,37,35,2,94.6,17.8,67,2.35,124702.7,0.22,4.4,94.7
1,2023,SUP008,Mumbai Plastics Inc.,7,5,2,71.4,16.0,13,2.26,135170.74,0.56,4.2,86.7
1,2023,SUP009,German Precision GmbH,32,22,10,68.8,9.4,35,2.19,109610.56,11.47,4.0,82.8
1,2023,SUP010,Bahrain Logistics Hub,36,28,8,77.8,20.0,105,4.49,67854.98,14.71,3.9,83.8
1,2023,SUP011,Oman Mineral Resources,11,8,3,72.7,14.5,26,2.51,11846.61,-4.69,4.1,85.7
1,2023,SUP012,Jordan Chemical Works,37,31,6,83.8,5.9,84,1.73,81890.95,-2.62,4.9,93.7
1,2023,SUP013,Korean Tech Parts Co.,39,35,4,89.7,7.9,49,0.95,25594.68,14.55,3.6,86.8
1,2023,SUP014,Italian Leather Supplies,32,28,4,87.5,13.3,86,2.89,33752.35,8.67,3.2,84.8
1,2023,SUP015,Malay Rubber Industries,38,34,4,89.5,17.3,91,2.08,81944.76,-4.71,2.5,82.9
2,2023,SUP001,Al Rajhi Materials Co.,34,33,1,97.1,13.8,90,1.44,124272.1,1.37,4.3,95.0
2,2023,SUP002,Gulf Packaging Ltd.,21,17,4,81.0,10.0,8,0.26,31015.01,10.59,4.1,87.6
2,2023,SUP003,Eastern Chemicals Corp.,28,26,2,92.9,14.7,82,3.53,145884.41,4.75,2.9,85.5
2,2023,SUP004,Dubai Steel Industries,10,9,1,90.0,23.9,27,2.93,82592.32,11.56,3.6,87.0
2,2023,SUP005,Nile Textiles Co.,16,14,2,87.5,13.3,24,0.99,117952.66,-3.12,4.6,93.4
2,2023,SUP006,Turkish Components AG,8,5,3,62.5,14.6,22,2.35,44374.68,5.46,2.9,76.6
2,2023,SUP007,Shanghai Electronics Ltd.,36,31,5,86.1,21.9,2,0.03,36514.48,2.12,2.6,83.4
2,2023,SUP008,Mumbai Plastics Inc.,39,34,5,87.2,4.1,115,2.86,76860.47,5.59,3.9,88.8
2,2023,SUP009,German Precision GmbH,39,31,8,79.5,5.4,111,1.88,148441.89,-6.19,3.2,83.1
2,2023,SUP010,Bahrain Logistics Hub,26,20,6,76.9,5.3,35,0.77,132266.43,0.9,4.0,87.7
2,2023,SUP011,Oman Mineral Resources,8,6,2,75.0,19.3,22,1.49,48315.39,-7.13,3.3,82.2
2,2023,SUP012,Jordan Chemical Works,5,3,2,60.0,6.1,11,1.13,111245.23,-0.31,4.5,85.2
2,2023,SUP013,Korean Tech Parts Co.,27,21,6,77.8,16.3,73,2.62,30379.58,-8.95,4.0,85.9
2,2023,SUP014,Italian Leather Supplies,20,16,4,80.0,10.8,20,0.77,29406.38,-0.6,2.9,83.2
2,2023,SUP015,Malay Rubber Industries,21,20,1,95.2,13.4,57,3.99,149292.58,13.79,3.6,87.8
3,2023,SUP001,Al Rajhi Materials Co.,39,34,5,87.2,8.8,89,3.74,33271.62,3.22,2.9,84.1
3,2023,SUP002,Gulf Packaging Ltd.,30,22,8,73.3,6.6,64,1.17,139847.6,5.12,3.0,80.7
3,2023,SUP003,Eastern Chemicals Corp.,9,8,1,88.9,9.7,17,1.14,131503.68,7.38,4.4,91.9
3,2023,SUP004,Dubai Steel Industries,24,20,4,83.3,12.2,30,1.45,52852.65,1.75,3.4,86.3
3,2023,SUP005,Nile Textiles Co.,23,22,1,95.7,20.3,3,0.16,55982.59,-6.26,4.1,92.9
3,2023,SUP006,Turkish Components AG,38,27,11,71.1,16.3,101,4.58,87307.55,3.85,5.0,89.4
3,2023,SUP007,Shanghai Electronics Ltd.,14,11,3,78.6,8.9,23,1.91,41141.99,-2.3,3.9,87.1
3,2023,SUP008,Mumbai Plastics Inc.,23,19,4,82.6,19.8,12,0.6,42806.35,4.53,3.7,87.2
3,2023,SUP009,German Precision GmbH,39,33,6,84.6,20.7,22,0.35,79378.52,0.27,4.9,94.7
3,2023,SUP010,Bahrain Logistics Hub,28,26,2,92.9,21.3,45,1.91,80204.01,-4.07,2.5,84.1
3,2023,SUP011,Oman Mineral Resources,23,17,6,73.9,21.2,19,0.69,65700.12,8.81,2.9,79.7
3,2023,SUP012,Jordan Chemical Works,7,5,2,71.4,10.1,1,0.1,136466.76,-3.78,4.3,87.1
3,2023,SUP013,Korean Tech Parts Co.,11,9,2,81.8,20.6,23,1.67,147485.05,9.74,3.8,86.2
3,2023,SUP014,Italian Leather Supplies,16,15,1,93.8,12.9,10,0.47,119217.65,4.11,4.5,94.7
3,2023,SUP015,Malay Rubber Industries,39,37,2,94.9,18.0,68,1.29,130957.84,-7.78,4.0,91.6
4,2023,SUP001,Al Rajhi Materials Co.,34,30,4,88.2,19.8,42,0.72,128983.59,2.33,2.6,83.8
4,2023,SUP002,Gulf Packaging Ltd.,16,14,2,87.5,20.3,18,1.81,128439.8,-8.09,4.8,93.2
4,2023,SUP003,Eastern Chemicals Corp.,23,17,6,73.9,19.9,40,1.46,81267.39,-9.88,3.1,80.3
4,2023,SUP004,Dubai Steel Industries,35,26,9,74.3,24.0,62,0.92,80573.24,0.96,3.3,83.4
4,2023,SUP005,Nile Textiles Co.,9,8,1,88.9,21.2,1,0.08,63226.3,8.46,2.8,84.0
4,2023,SUP006,Turkish Components AG,30,29,1,96.7,23.8,60,1.75,82431.01,10.19,3.9,91.0
4,2023,SUP007,Shanghai Electronics Ltd.,29,24,5,82.8,11.7,36,1.44,28050.47,3.54,4.6,91.8
4,2023,SUP008,Mumbai Plastics Inc.,15,11,4,73.3,19.7,40,4.85,104967.21,-7.72,2.9,78.7
4,2023,SUP009,German Precision GmbH,28,25,3,89.3,20.0,47,0.94,86640.46,4.77,3.3,87.1
4,2023,SUP010,Bahrain Logistics Hub,26,22,4,84.6,7.8,29,0.68,47500.46,12.48,2.7,81.2
4,2023,SUP011,Oman Mineral Resources,11,10,1,90.9,7.8,6,0.48,87177.29,11.37,2.8,83.9
4,2023,SUP012,Jordan Chemical Works,30,25,5,83.3,13.3,85,1.61,67495.56,14.01,4.6,89.8
4,2023,SUP013,Korean Tech Parts Co.,15,10,5,66.7,6.0,17,0.89,23714.74,3.28,4.0,84.1
4,2023,SUP014,Italian Leather Supplies,22,21,1,95.5,13.3,34,1.52,72517.49,-9.92,4.1,91.8
4,2023,SUP015,Malay Rubber Industries,39,38,1,97.4,4.3,81,2.53,112786.49,-9.47,4.5,94.2
5,2023,SUP001,Al Rajhi Materials Co.,15,12,3,80.0,6.1,35,1.72,110725.91,6.19,3.4,84.3
5,2023,SUP002,Gulf Packaging Ltd.,18,12,6,66.7,11.4,41,2.96,105840.3,-5.97,3.5,80.6
5,2023,SUP003,Eastern Chemicals Corp.,32,24,8,75.0,6.0,74,1.16,136086.37,0.01,4.5,89.7
5,2023,SUP004,Dubai Steel Industries,15,11,4,73.3,23.8,24,0.86,82814.91,10.11,4.0,84.8
5,2023,SUP005,Nile Textiles Co.,9,6,3,66.7,20.4,18,2.9,90697.86,10.58,3.2,78.2
5,2023,SUP006,Turkish Components AG,14,11,3,78.6,9.7,4,0.4,70547.53,-6.59,4.5,89.7
5,2023,SUP007,Shanghai Electronics Ltd.,32,26,6,81.2,8.9,0,0.0,9168.89,-4.13,2.8,82.5
5,2023,SUP008,Mumbai Plastics Inc.,11,9,2,81.8,14.0,33,4.69,38498.36,10.23,4.5,88.8
5,2023,SUP009,German Precision GmbH,19,17,2,89.5,13.4,9,0.62,116633.3,4.31,3.1,86.3
5,2023,SUP010,Bahrain Logistics Hub,14,12,2,85.7,18.3,40,3.66,74764.64,14.71,3.8,85.9
5,2023,SUP011,Oman Mineral Resources,29,20,9,69.0,23.7,60,2.62,44801.66,11.84,4.7,86.2
5,2023,SUP012,Jordan Chemical Works,38,27,11,71.1,23.0,90,2.17,31632.13,7.52,2.6,77.3
5,2023,SUP013,Korean Tech Parts Co.,35,31,4,88.6,20.3,86,1.73,131916.38,2.85,4.7,94.1
5,2023,SUP014,Italian Leather Supplies,9,8,1,88.9,4.5,4,0.63,28331.34,10.42,4.0,89.4
5,2023,SUP015,Malay Rubber Industries,12,9,3,75.0,16.4,2,0.15,87760.71,-0.61,4.4,89.3
6,2023,SUP001,Al Rajhi Materials Co.,26,24,2,92.3,4.5,64,2.74,94980.37,-4.83,4.9,95.5
6,2023,SUP002,Gulf Packaging Ltd.,40,33,7,82.5,22.7,77,2.96,89220.18,-7.19,3.5,85.1
6,2023,SUP003,Eastern Chemicals Corp.,29,24,5,82.8,22.8,82,4.42,127118.9,-0.85,4.7,92.1
6,2023,SUP004,Dubai Steel Industries,21,16,5,76.2,11.1,25,0.65,133894.26,14.76,4.2,85.7
6,2023,SUP005,Nile Textiles Co.,7,5,2,71.4,15.9,16,1.61,62596.93,3.73,2.7,78.8
6,2023,SUP006,Turkish Components AG,20,19,1,95.0,24.5,55,1.58,122422.24,2.24,4.6,95.7
6,2023,SUP007,Shanghai Electronics Ltd.,27,23,4,85.2,5.7,29,2.11,138594.87,-6.35,4.4,90.8
6,2023,SUP008,Mumbai Plastics Inc.,23,18,5,78.3,21.6,19,0.47,44519.35,9.98,4.2,87.4
6,2023,SUP009,German Precision GmbH,32,24,8,75.0,6.2,89,1.63,82399.03,14.83,3.3,80.6
6,2023,SUP010,Bahrain Logistics Hub,33,31,2,93.9,4.1,64,1.13,85188.89,5.37,3.6,89.8
6,2023,SUP011,Oman Mineral Resources,18,17,1,94.4,4.2,38,1.42,44901.21,12.97,2.8,84.4
6,2023,SUP012,Jordan Chemical Works,37,29,8,78.4,16.0,83,1.21,116175.82,6.39,3.5,84.4
6,2023,SUP013,Korean Tech Parts Co.,26,22,4,84.6,20.9,74,1.79,38607.07,13.83,4.9,91.7
6,2023,SUP014,Italian Leather Supplies,36,32,4,88.9,17.1,60,0.9,79160.06,13.5,2.9,83.2
6,2023,SUP015,Malay Rubber Industries,27,19,8,70.4,13.2,2,0.04,58805.81,-0.29,2.7,79.6
7,2023,SUP001,Al Rajhi Materials Co.,6,4,2,66.7,11.4,3,0.4,101040.79,4.45,4.2,85.0
7,2023,SUP002,Gulf Packaging Ltd.,14,10,4,71.4,6.4,30,1.56,36527.75,-8.96,4.0,84.2
7,2023,SUP003,Eastern Chemicals Corp.,28,24,4,85.7,14.8,72,3.96,117065.15,3.19,4.8,93.1
7,2023,SUP004,Dubai Steel Industries,8,6,2,75.0,19.2,3,0.61,91863.59,5.23,4.5,88.8
7,2023,SUP005,Nile Textiles Co.,15,13,2,86.7,18.3,10,0.51,86168.47,12.37,4.9,92.9
7,2023,SUP006,Turkish Components AG,23,16,7,69.6,20.2,25,0.96,128693.29,-4.87,4.6,87.7
7,2023,SUP007,Shanghai Electronics Ltd.,16,13,3,81.2,15.7,46,5.53,78683.3,3.39,4.8,91.3
7,2023,SUP008,Mumbai Plastics Inc.,17,14,3,82.4,11.7,49,2.15,63543.48,-0.8,4.2,90.0
7,2023,SUP009,German Precision GmbH,32,29,3,90.6,5.3,88,1.87,36516.68,9.44,3.4,86.8
7,2023,SUP010,Bahrain Logistics Hub,26,22,4,84.6,4.3,32,0.65,100875.15,10.7,3.5,85.6
7,2023,SUP011,Oman Mineral Resources,27,23,4,85.2,18.7,8,0.19,55331.03,12.21,4.8,92.1
7,2023,SUP012,Jordan Chemical Works,10,8,2,80.0,22.1,30,3.0,95058.8,5.52,2.8,81.1
7,2023,SUP013,Korean Tech Parts Co.,34,26,8,76.5,19.6,6,0.1,63304.05,5.44,4.1,87.3
7,2023,SUP014,Italian Leather Supplies,36,29,7,80.6,5.1,104,2.98,55733.5,12.05,4.1,86.5
7,2023,SUP015,Malay Rubber Industries,26,19,7,73.1,5.1,3,0.07,129878.62,12.65,3.6,82.4
8,2023,SUP001,Al Rajhi Materials Co.,23,20,3,87.0,16.6,39,2.15,50307.48,14.52,3.8,86.7
8,2023,SUP002,Gulf Packaging Ltd.,18,14,4,77.8,6.3,23,0.71,55345.0,-2.9,3.1,83.1
8,2023,SUP003,Eastern Chemicals Corp.,26,22,4,84.6,4.3,13,0.45,47486.96,3.92,2.6,82.5
8,2023,SUP004,Dubai Steel Industries,22,18,4,81.8,8.1,30,1.42,79470.42,-5.42,4.1,88.6
8,2023,SUP005,Nile Textiles Co.,18,14,4,77.8,17.8,16,1.1,20316.06,-4.12,3.6,85.2
8,2023,SUP006,Turkish Components AG,9,7,2,77.8,10.4,16,1.02,129097.01,3.76,4.1,87.8
8,2023,SUP007,Shanghai Electronics Ltd.,40,31,9,77.5,24.3,24,0.58,18816.37,-7.24,3.2,82.7
8,2023,SUP008,Mumbai Plastics Inc.,39,34,5,87.2,24.0,7,0.13,32235.49,0.65,2.6,84.0
8,2023,SUP009,German Precision GmbH,36,28,8,77.8,8.0,30,0.42,83626.82,8.45,4.7,90.0
8,2023,SUP010,Bahrain Logistics Hub,7,6,1,85.7,13.8,1,0.11,117409.63,8.2,2.7,82.5
8,2023,SUP011,Oman Mineral Resources,40,38,2,95.0,17.7,100,1.46,5876.83,0.15,4.7,96.6
8,2023,SUP012,Jordan Chemical Works,9,7,2,77.8,9.2,6,0.46,78152.88,8.65,4.2,87.5
8,2023,SUP013,Korean Tech Parts Co.,7,5,2,71.4,24.5,13,3.64,141411.48,-3.01,3.5,82.4
8,2023,SUP014,Italian Leather Supplies,29,24,5,82.8,5.7,31,0.78,110366.29,14.1,3.7,85.3
8,2023,SUP015,Malay Rubber Industries,32,31,1,96.9,20.9,14,0.22,117358.72,9.66,2.9,86.6
9,2023,SUP001,Al Rajhi Materials Co.,12,10,2,83.3,24.4,5,0.27,10443.25,3.42,3.3,85.7
9,2023,SUP002,Gulf Packaging Ltd.,20,16,4,80.0,15.0,46,1.39,85175.84,0.65,3.8,87.5
9,2023,SUP003,Eastern Chemicals Corp.,39,30,9,76.9,13.6,90,2.71,115982.83,6.98,3.6,84.0
9,2023,SUP004,Dubai Steel Industries,27,25,2,92.6,8.6,44,0.9,86273.29,14.13,4.1,90.2
9,2023,SUP005,Nile Textiles Co.,18,13,5,72.2,10.7,31,1.25,93330.82,2.0,3.3,82.4
9,2023,SUP006,Turkish Components AG,39,37,2,94.9,21.3,62,1.06,92130.49,12.28,3.3,87.2
9,2023,SUP007,Shanghai Electronics Ltd.,16,15,1,93.8,7.4,17,0.79,101139.42,5.31,2.9,86.4
9,2023,SUP008,Mumbai Plastics Inc.,19,17,2,89.5,14.3,2,0.13,142797.91,-3.27,2.9,85.7
9,2023,SUP009,German Precision GmbH,21,20,1,95.2,24.5,61,1.48,83083.57,2.63,4.0,92.7
9,2023,SUP010,Bahrain Logistics Hub,14,13,1,92.9,15.0,24,0.89,133768.6,2.34,4.2,93.2
9,2023,SUP011,Oman Mineral Resources,21,20,1,95.2,5.6,55,1.32,62206.52,13.68,4.6,93.5
9,2023,SUP012,Jordan Chemical Works,10,8,2,80.0,17.6,17,0.89,52309.0,-9.92,2.7,80.3
9,2023,SUP013,Korean Tech Parts Co.,11,9,2,81.8,19.8,9,0.58,96215.43,0.6,2.5,81.8
9,2023,SUP014,Italian Leather Supplies,9,7,2,77.8,11.0,18,2.38,15059.25,-7.47,3.7,84.8
9,2023,SUP015,Malay Rubber Industries,27,20,7,74.1,6.3,50,2.1,123245.9,5.2,4.6,88.7
10,2023,SUP001,Al Rajhi Materials Co.,11,10,1,90.9,24.0,30,1.77,126096.56,0.5,4.8,95.7
10,2023,SUP002,Gulf Packaging Ltd.,7,5,2,71.4,6.7,6,0.93,107139.03,-6.18,4.5,87.5
10,2023,SUP003,Eastern Chemicals Corp.,39,37,2,94.9,11.8,106,1.66,134854.53,-6.15,3.8,90.8
10,2023,SUP004,Dubai Steel Industries,37,29,8,78.4,16.9,13,0.41,21695.92,1.73,3.4,85.1
10,2023,SUP005,Nile Textiles Co.,8,7,1,87.5,15.1,17,3.37,47132.22,5.41,3.6,87.3
10,2023,SUP006,Turkish Components AG,26,18,8,69.2,20.6,16,0.8,60881.48,4.48,2.9,79.2
10,2023,SUP007,Shanghai Electronics Ltd.,34,28,6,82.4,12.1,77,1.4,76148.05,12.98,3.3,83.3
10,2023,SUP008,Mumbai Plastics Inc.,20,14,6,70.0,18.2,24,1.5,97230.31,2.44,4.1,85.6
10,2023,SUP009,German Precision GmbH,22,17,5,77.3,11.7,11,0.29,117157.81,-9.09,2.7,79.8
10,2023,SUP010,Bahrain Logistics Hub,29,26,3,89.7,14.7,28,0.86,123036.77,-8.1,3.3,86.6
10,2023,SUP011,Oman Mineral Resources,21,15,6,71.4,18.9,14,0.61,136625.99,-3.9,5.0,90.5
10,2023,SUP012,Jordan Chemical Works,35,33,2,94.3,7.8,16,0.26,44506.03,4.59,4.0,92.3
10,2023,SUP013,Korean Tech Parts Co.,18,14,4,77.8,10.3,7,0.31,38016.15,3.09,3.2,83.6
10,2023,SUP014,Italian Leather Supplies,12,8,4,66.7,23.4,35,1.59,6468.23,-2.37,3.8,83.1
10,2023,SUP015,Malay Rubber Industries,8,5,3,62.5,7.8,14,1.11,38690.17,14.26,4.1,81.1
11,2023,SUP001,Al Rajhi Materials Co.,30,22,8,73.3,15.6,20,0.51,9223.77,5.27,4.0,85.8
11,2023,SUP002,Gulf Packaging Ltd.,24,17,7,70.8,19.3,8,0.26,56523.02,14.06,4.8,87.4
11,2023,SUP003,Eastern Chemicals Corp.,10,7,3,70.0,24.3,0,0.0,44065.59,-9.23,3.0,79.2
11,2023,SUP004,Dubai Steel Industries,38,34,4,89.5,12.7,93,1.37,146220.9,1.03,3.9,90.8
11,2023,SUP005,Nile Textiles Co.,10,8,2,80.0,11.1,29,1.99,20924.43,-9.46,4.4,88.6
11,2023,SUP006,Turkish Components AG,25,19,6,76.0,9.5,51,3.58,7984.85,14.8,3.0,78.9
11,2023,SUP007,Shanghai Electronics Ltd.,40,37,3,92.5,22.9,75,1.1,126489.63,14.52,4.5,92.1
11,2023,SUP008,Mumbai Plastics Inc.,36,25,11,69.4,5.5,53,0.8,125846.66,-0.78,3.6,83.5
11,2023,SUP009,German Precision GmbH,33,31,2,93.9,24.1,26,0.68,17288.2,11.31,3.6,88.7
11,2023,SUP010,Bahrain Logistics Hub,38,33,5,86.8,10.1,61,1.54,6039.64,-7.41,2.6,82.2
11,2023,SUP011,Oman Mineral Resources,15,11,4,73.3,18.7,9,0.4,54750.02,6.77,3.9,85.0
11,2023,SUP012,Jordan Chemical Works,19,18,1,94.7,18.2,19,1.47,120518.34,8.64,4.2,92.3
11,2023,SUP013,Korean Tech Parts Co.,5,4,1,80.0,9.3,12,1.68,69194.17,-3.17,3.5,85.4
11,2023,SUP014,Italian Leather Supplies,29,21,8,72.4,13.3,26,1.36,24659.34,-2.96,2.8,79.8
11,2023,SUP015,Malay Rubber Industries,16,13,3,81.2,9.2,15,0.88,134692.22,11.44,3.8,85.9
12,2023,SUP001,Al Rajhi Materials Co.,8,6,2,75.0,13.2,11,1.43,39994.69,-1.26,4.5,89.4
12,2023,SUP002,Gulf Packaging Ltd.,21,18,3,85.7,17.8,5,0.13,60103.08,7.7,2.6,82.1
12,2023,SUP003,Eastern Chemicals Corp.,20,15,5,75.0,20.2,19,0.75,36230.73,0.76,4.2,88.2
12,2023,SUP004,Dubai Steel Industries,12,11,1,91.7,8.6,31,1.65,135269.7,9.81,4.1,90.6
12,2023,SUP005,Nile Textiles Co.,25,20,5,80.0,14.8,9,0.3,99340.98,13.13,3.7,84.8
12,2023,SUP006,Turkish Components AG,8,6,2,75.0,14.6,11,1.83,32613.83,10.75,4.9,89.4
12,2023,SUP007,Shanghai Electronics Ltd.,38,37,1,97.4,24.3,90,1.54,60190.16,11.6,2.7,85.0
12,2023,SUP008,Mumbai Plastics Inc.,28,25,3,89.3,22.2,80,1.51,84956.54,-1.05,4.8,95.2
12,2023,SUP009,German Precision GmbH,25,17,8,68.0,7.5,58,1.67,101921.1,10.14,4.1,83.5
12,2023,SUP010,Bahrain Logistics Hub,5,4,1,80.0,5.3,3,0.88,82795.37,4.29,4.6,90.9
12,2023,SUP011,Oman Mineral Resources,28,21,7,75.0,11.0,71,1.27,38182.89,11.27,3.8,83.9
12,2023,SUP012,Jordan Chemical Works,11,7,4,63.6,16.1,2,0.1,139272.5,14.59,3.7,79.6
12,2023,SUP013,Korean Tech Parts Co.,40,39,1,97.5,15.8,63,1.25,53795.67,-3.92,3.7,91.7
12,2023,SUP014,Italian Leather Supplies,20,16,4,80.0,19.5,35,1.58,13816.53,4.33,4.4,89.7
12,2023,SUP015,Malay Rubber Industries,31,23,8,74.2,15.7,80,3.4,67229.97,-6.14,2.9,79.7
1,2024,SUP001,Al Rajhi Materials Co.,22,19,3,86.4,18.7,11,0.29,85261.39,14.55,3.0,82.9
1,2024,SUP002,Gulf Packaging Ltd.,34,28,6,82.4,5.5,7,0.15,105792.19,10.99,2.7,81.0
1,2024,SUP003,Eastern Chemicals Corp.,40,37,3,92.5,7.5,90,1.73,18137.83,-7.97,4.3,92.2
1,2024,SUP004,Dubai Steel Industries,39,29,10,74.4,5.0,31,0.74,95159.33,-5.15,4.8,90.1
1,2024,SUP005,Nile Textiles Co.,32,23,9,71.9,12.6,32,1.16,41679.23,10.33,4.4,86.2
1,2024,SUP006,Turkish Components AG,11,10,1,90.9,9.9,10,0.64,94479.7,-2.96,3.2,87.5
1,2024,SUP007,Shanghai Electronics Ltd.,35,27,8,77.1,8.2,28,0.77,62976.6,12.3,3.6,83.5
1,2024,SUP008,Mumbai Plastics Inc.,15,13,2,86.7,19.3,1,0.03,55245.68,0.19,3.4,88.0
1,2024,SUP009,German Precision GmbH,24,23,1,95.8,10.6,71,2.37,77209.18,9.08,4.9,95.8
1,2024,SUP010,Bahrain Logistics Hub,11,7,4,63.6,7.0,21,1.08,85898.71,3.4,3.5,80.6
1,2024,SUP011,Oman Mineral Resources,39,32,7,82.1,14.4,15,0.48,67900.62,5.48,2.8,82.4
1,2024,SUP012,Jordan Chemical Works,24,22,2,91.7,15.4,65,1.39,68215.37,-0.52,3.0,87.1
1,2024,SUP013,Korean Tech Parts Co.,30,29,1,96.7,13.9,51,1.62,12200.06,-5.89,3.9,91.9
1,2024,SUP014,Italian Leather Supplies,13,10,3,76.9,20.4,29,2.12,20439.94,14.01,4.7,88.2
1,2024,SUP015,Malay Rubber Industries,11,10,1,90.9,8.2,14,1.13,85989.15,8.88,3.6,88.2
2,2024,SUP001,Al Rajhi Materials Co.,15,14,1,93.3,14.2,25,1.96,28065.34,14.28,2.8,83.6
2,2024,SUP002,Gulf Packaging Ltd.,22,17,5,77.3,22.9,31,0.92,131502.36,-5.11,4.9,91.4
2,2024,SUP003,Eastern Chemicals Corp.,13,10,3,76.9,15.9,38,1.69,61114.06,4.22,3.0,81.8
2,2024,SUP004,Dubai Steel Industries,17,11,6,64.7,20.9,5,0.23,115424.09,5.52,3.1,78.7
2,2024,SUP005,Nile Textiles Co.,22,19,3,86.4,13.6,32,0.78,100899.45,9.7,3.6,86.8
2,2024,SUP006,Turkish Components AG,30,25,5,83.3,19.7,73,1.98,115760.56,-0.94,3.6,87.3
2,2024,SUP007,Shanghai Electronics Ltd.,40,30,10,75.0,24.5,2,0.03,78017.43,8.8,3.9,85.2
2,2024,SUP008,Mumbai Plastics Inc.,25,19,6,76.0,18.0,37,2.28,123258.42,-4.62,4.3,87.8
2,2024,SUP009,German Precision GmbH,27,24,3,88.9,18.3,54,1.64,103399.64,-8.81,3.4,86.5
2,2024,SUP010,Bahrain Logistics Hub,26,25,1,96.2,10.7,38,1.02,70970.81,14.65,4.2,91.7
2,2024,SUP011,Oman Mineral Resources,40,29,11,72.5,24.7,94,1.77,95012.03,0.49,3.3,82.7
2,2024,SUP012,Jordan Chemical Works,29,24,5,82.8,22.6,75,1.55,71436.78,8.36,4.8,91.8
2,2024,SUP013,Korean Tech Parts Co.,36,29,7,80.6,19.3,87,2.28,22648.97,3.72,2.9,82.4
2,2024,SUP014,Italian Leather Supplies,36,35,1,97.2,21.4,47,0.82,10854.53,6.77,2.5,85.1
2,2024,SUP015,Malay Rubber Industries,14,13,1,92.9,12.3,21,2.27,50704.08,12.42,4.5,92.3
3,2024,SUP001,Al Rajhi Materials Co.,16,12,4,75.0,18.2,47,5.25,55840.63,-0.56,3.6,84.1
3,2024,SUP002,Gulf Packaging Ltd.,29,22,7,75.9,10.8,55,3.11,57557.8,-4.72,2.9,80.5
3,2024,SUP003,Eastern Chemicals Corp.,31,28,3,90.3,11.8,66,2.8,90103.52,13.09,2.6,81.8
3,2024,SUP004,Dubai Steel Industries,11,9,2,81.8,20.5,30,1.47,135749.32,6.83,4.8,91.8
3,2024,SUP005,Nile Textiles Co.,35,28,7,80.0,9.0,95,1.36,91022.36,-9.19,3.7,85.3
3,2024,SUP006,Turkish Components AG,13,10,3,76.9,18.5,23,3.22,74692.86,6.26,2.9,80.5
3,2024,SUP007,Shanghai Electronics Ltd.,33,29,4,87.9,7.5,69,1.11,74035.36,-3.94,4.1,90.8
3,2024,SUP008,Mumbai Plastics Inc.,16,15,1,93.8,14.8,22,1.21,148928.65,6.3,4.7,95.1
3,2024,SUP009,German Precision GmbH,6,4,2,66.7,12.3,9,2.24,127889.78,13.87,4.1,82.2
3,2024,SUP010,Bahrain Logistics Hub,24,21,3,87.5,4.8,4,0.14,44348.4,-4.91,2.7,83.7
3,2024,SUP011,Oman Mineral Resources,17,16,1,94.1,20.7,1,0.03,62037.3,-1.91,4.7,96.3
3,2024,SUP012,Jordan Chemical Works,39,32,7,82.1,14.3,6,0.13,19031.55,-2.1,3.1,84.7
3,2024,SUP013,Korean Tech Parts Co.,13,11,2,84.6,9.6,13,1.15,16016.23,14.32,4.6,90.2
3,2024,SUP014,Italian Leather Supplies,31,25,6,80.6,17.5,18,0.3,31491.04,2.09,2.6,81.7
3,2024,SUP015,Malay Rubber Industries,35,27,8,77.1,21.7,30,0.52,140975.6,14.66,3.0,80.1
4,2024,SUP001,Al Rajhi Materials Co.,40,31,9,77.5,20.0,53,0.77,53114.27,-2.31,4.8,91.6
4,2024,SUP002,Gulf Packaging Ltd.,5,4,1,80.0,18.9,15,2.61,90697.64,-4.51,3.4,84.4
4,2024,SUP003,Eastern Chemicals Corp.,14,11,3,78.6,5.2,32,1.58,58390.95,8.42,3.5,84.0
4,2024,SUP004,Dubai Steel Industries,27,19,8,70.4,23.0,38,1.18,83212.0,0.02,4.3,87.3
4,2024,SUP005,Nile Textiles Co.,12,10,2,83.3,24.6,29,3.36,64071.98,-4.08,3.0,83.3
4,2024,SUP006,Turkish Components AG,22,18,4,81.8,7.3,64,3.99,35724.29,11.7,2.6,79.2
4,2024,SUP007,Shanghai Electronics Ltd.,36,26,10,72.2,19.2,92,1.81,74616.56,-5.86,3.5,82.5
4,2024,SUP008,Mumbai Plastics Inc.,16,12,4,75.0,10.2,14,1.09,50903.39,9.6,2.9,79.8
4,2024,SUP009,German Precision GmbH,13,11,2,84.6,4.8,7,0.73,75845.1,-0.42,4.4,92.1
4,2024,SUP010,Bahrain Logistics Hub,11,10,1,90.9,11.3,3,0.14,56820.11,5.58,2.7,84.6
4,2024,SUP011,Oman Mineral Resources,23,21,2,91.3,13.0,6,0.41,20833.17,12.67,3.1,85.3
4,2024,SUP012,Jordan Chemical Works,22,16,6,72.7,13.7,13,0.46,36336.93,14.67,2.9,78.3
4,2024,SUP013,Korean Tech Parts Co.,5,4,1,80.0,21.1,12,2.38,51229.96,-1.67,2.7,81.6
4,2024,SUP014,Italian Leather Supplies,10,9,1,90.0,6.6,27,1.35,129416.42,-8.63,3.7,88.4
4,2024,SUP015,Malay Rubber Industries,27,25,2,92.6,14.0,18,0.39,59239.01,-4.52,4.5,94.3
5,2024,SUP001,Al Rajhi Materials Co.,26,21,5,80.8,13.5,19,0.37,49271.75,-9.28,5.0,92.3
5,2024,SUP002,Gulf Packaging Ltd.,37,35,2,94.6,15.2,103,2.4,54578.31,13.81,4.0,90.0
5,2024,SUP003,Eastern Chemicals Corp.,19,14,5,73.7,16.9,31,1.7,143792.5,4.65,4.4,87.8
5,2024,SUP004,Dubai Steel Industries,8,6,2,75.0,21.3,5,0.37,95355.83,3.65,3.1,82.2
5,2024,SUP005,Nile Textiles Co.,17,14,3,82.4,5.8,24,0.82,103332.17,-8.51,3.9,87.3
5,2024,SUP006,Turkish Components AG,37,31,6,83.8,21.9,44,0.86,86212.74,5.54,2.8,82.8
5,2024,SUP007,Shanghai Electronics Ltd.,18,17,1,94.4,10.3,45,1.63,98376.42,12.81,2.8,84.4
5,2024,SUP008,Mumbai Plastics Inc.,34,33,1,97.1,23.1,91,2.37,93732.87,6.6,3.5,89.7
5,2024,SUP009,German Precision GmbH,40,33,7,82.5,5.4,20,0.37,62723.87,6.26,4.0,88.4
5,2024,SUP010,Bahrain Logistics Hub,15,13,2,86.7,19.5,44,1.86,113632.96,4.29,4.6,92.7
5,2024,SUP011,Oman Mineral Resources,10,7,3,70.0,14.9,18,0.97,93468.85,11.46,4.9,88.0
5,2024,SUP012,Jordan Chemical Works,17,16,1,94.1,24.6,29,1.25,144597.37,13.44,4.7,93.7
5,2024,SUP013,Korean Tech Parts Co.,28,22,6,78.6,4.8,69,2.49,114267.29,13.14,3.2,81.3
5,2024,SUP014,Italian Leather Supplies,18,14,4,77.8,6.7,38,1.59,51908.55,-2.23,3.2,83.5
5,2024,SUP015,Malay Rubber Industries,13,11,2,84.6,16.6,0,0.0,29323.15,14.06,3.5,85.1
6,2024,SUP001,Al Rajhi Materials Co.,38,37,1,97.4,7.0,11,0.39,108493.59,-2.07,4.7,97.2
6,2024,SUP002,Gulf Packaging Ltd.,26,19,7,73.1,8.3,20,0.53,68543.68,3.53,4.4,88.1
6,2024,SUP003,Eastern Chemicals Corp.,27,25,2,92.6,21.2,76,2.04,100734.49,-6.73,4.7,94.4
6,2024,SUP004,Dubai Steel Industries,18,12,6,66.7,15.1,3,0.28,10334.57,7.26,5.0,88.5
6,2024,SUP005,Nile Textiles Co.,6,5,1,83.3,13.5,3,0.53,67860.73,8.72,2.5,80.6
6,2024,SUP006,Turkish Components AG,10,7,3,70.0,5.5,16,2.62,69694.51,5.67,4.0,84.2
6,2024,SUP007,Shanghai Electronics Ltd.,24,22,2,91.7,19.3,57,2.07,60416.7,9.48,4.9,94.6
6,2024,SUP008,Mumbai Plastics Inc.,30,29,1,96.7,17.0,36,2.03,77269.78,-3.94,3.9,92.2
6,2024,SUP009,German Precision GmbH,19,16,3,84.2,14.7,55,2.68,42018.63,7.96,3.3,84.5
6,2024,SUP010,Bahrain Logistics Hub,24,22,2,91.7,4.3,4,0.09,77530.29,-0.85,2.5,84.8
6,2024,SUP011,Oman Mineral Resources,12,11,1,91.7,16.4,33,1.58,87153.6,-7.27,3.7,89.2
6,2024,SUP012,Jordan Chemical Works,32,23,9,71.9,22.9,64,1.1,73014.83,-7.92,3.3,81.2
6,2024,SUP013,Korean Tech Parts Co.,7,6,1,85.7,8.9,7,1.3,58722.23,-4.73,3.4,86.4
6,2024,SUP014,Italian Leather Supplies,25,18,7,72.0,7.8,4,0.08,96355.31,-7.71,4.2,86.0
6,2024,SUP015,Malay Rubber Industries,24,21,3,87.5,9.1,10,0.66,142472.58,8.44,4.4,91.4
7,2024,SUP001,Al Rajhi Materials Co.,11,10,1,90.9,6.7,17,2.45,117970.6,10.34,3.7,88.1
7,2024,SUP002,Gulf Packaging Ltd.,19,14,5,73.7,18.8,25,0.74,75582.51,13.14,4.1,84.8
7,2024,SUP003,Eastern Chemicals Corp.,28,20,8,71.4,12.3,75,4.39,82139.81,10.88,5.0,88.1
7,2024,SUP004,Dubai Steel Industries,30,28,2,93.3,14.7,40,1.14,27027.19,3.57,4.0,92.0
7,2024,SUP005,Nile Textiles Co.,31,27,4,87.1,14.7,5,0.13,88799.3,7.31,2.7,83.1
7,2024,SUP006,Turkish Components AG,40,35,5,87.5,5.4,105,5.25,99216.32,-7.08,4.8,92.5
7,2024,SUP007,Shanghai Electronics Ltd.,12,11,1,91.7,19.2,28,4.49,118030.1,-2.54,3.2,86.9
7,2024,SUP008,Mumbai Plastics Inc.,21,20,1,95.2,17.2,18,1.19,123900.54,13.2,4.2,91.6
7,2024,SUP009,German Precision GmbH,18,15,3,83.3,15.9,18,0.7,58072.24,-1.17,4.1,90.1
7,2024,SUP010,Bahrain Logistics Hub,24,21,3,87.5,18.4,20,1.54,24395.74,-3.29,3.3,86.7
7,2024,SUP011,Oman Mineral Resources,14,11,3,78.6,23.0,37,1.84,25912.58,-1.5,4.8,91.8
7,2024,SUP012,Jordan Chemical Works,16,15,1,93.8,10.0,8,0.79,118880.32,13.06,2.5,82.8
7,2024,SUP013,Korean Tech Parts Co.,14,12,2,85.7,11.3,18,1.18,30535.69,4.99,2.7,82.9
7,2024,SUP014,Italian Leather Supplies,35,33,2,94.3,4.8,63,2.14,27576.44,-3.74,4.8,96.0
7,2024,SUP015,Malay Rubber Industries,22,20,2,90.9,22.8,24,1.14,148367.43,2.98,4.6,94.4
8,2024,SUP001,Al Rajhi Materials Co.,23,18,5,78.3,17.1,3,0.1,6197.18,5.29,4.0,87.4
8,2024,SUP002,Gulf Packaging Ltd.,36,29,7,80.6,19.1,19,0.38,75808.63,-5.82,4.5,90.4
8,2024,SUP003,Eastern Chemicals Corp.,14,13,1,92.9,15.9,32,1.34,65560.59,14.5,4.4,91.6
8,2024,SUP004,Dubai Steel Industries,7,6,1,85.7,12.3,13,1.61,68265.68,-9.38,4.6,91.4
8,2024,SUP005,Nile Textiles Co.,31,24,7,77.4,18.0,92,2.7,128041.86,1.32,2.7,80.8
8,2024,SUP006,Turkish Components AG,23,16,7,69.6,22.2,46,3.03,111501.67,9.01,4.5,85.8
8,2024,SUP007,Shanghai Electronics Ltd.,12,11,1,91.7,14.2,21,1.03,141198.21,2.88,3.4,88.7
8,2024,SUP008,Mumbai Plastics Inc.,14,10,4,71.4,11.8,41,1.65,143330.65,1.3,3.5,83.2
8,2024,SUP009,German Precision GmbH,30,26,4,86.7,22.7,10,0.47,131961.19,12.48,3.1,83.9
8,2024,SUP010,Bahrain Logistics Hub,15,11,4,73.3,20.2,10,0.46,32313.96,3.11,3.0,81.3
8,2024,SUP011,Oman Mineral Resources,33,23,10,69.7,17.2,26,0.97,102780.03,9.4,3.5,81.3
8,2024,SUP012,Jordan Chemical Works,40,34,6,85.0,16.7,67,2.7,133834.85,-3.78,4.3,90.6
8,2024,SUP013,Korean Tech Parts Co.,13,10,3,76.9,12.9,36,2.04,82429.96,-3.62,4.4,88.8
8,2024,SUP014,Italian Leather Supplies,9,8,1,88.9,21.6,1,0.08,84586.17,-9.62,4.7,93.2
8,2024,SUP015,Malay Rubber Industries,8,6,2,75.0,6.0,9,0.72,10943.83,-9.09,4.0,85.5
9,2024,SUP001,Al Rajhi Materials Co.,37,31,6,83.8,9.6,8,0.3,96122.85,9.08,4.9,92.7
9,2024,SUP002,Gulf Packaging Ltd.,35,32,3,91.4,4.2,101,2.77,123247.07,-8.07,2.7,83.6
9,2024,SUP003,Eastern Chemicals Corp.,11,10,1,90.9,12.1,5,0.35,111618.69,0.73,4.0,92.0
9,2024,SUP004,Dubai Steel Industries,12,8,4,66.7,23.3,24,1.71,39378.4,13.69,5.0,86.8
9,2024,SUP005,Nile Textiles Co.,14,11,3,78.6,8.3,18,1.33,42927.47,12.45,2.9,80.3
9,2024,SUP006,Turkish Components AG,14,10,4,71.4,9.8,11,0.4,139851.31,-7.37,4.9,89.3
9,2024,SUP007,Shanghai Electronics Ltd.,20,17,3,85.0,6.0,49,2.58,50205.17,5.03,3.3,85.3
9,2024,SUP008,Mumbai Plastics Inc.,30,21,9,70.0,12.3,47,1.33,112099.3,-4.6,4.7,88.2
9,2024,SUP009,German Precision GmbH,19,16,3,84.2,20.2,39,1.33,138734.97,1.03,3.2,85.7
9,2024,SUP010,Bahrain Logistics Hub,10,8,2,80.0,9.5,30,3.3,78651.09,-6.73,2.6,79.8
9,2024,SUP011,Oman Mineral Resources,17,13,4,76.5,4.2,0,0.0,133623.64,-4.21,4.9,91.6
9,2024,SUP012,Jordan Chemical Works,6,5,1,83.3,23.0,17,3.33,141750.69,2.24,3.3,85.2
9,2024,SUP013,Korean Tech Parts Co.,27,22,5,81.5,24.0,25,0.76,66459.41,-2.09,4.3,90.3
9,2024,SUP014,Italian Leather Supplies,35,32,3,91.4,18.1,79,1.18,79910.05,12.87,3.3,86.1
9,2024,SUP015,Malay Rubber Industries,10,8,2,80.0,6.6,14,1.24,72675.46,0.77,2.5,81.0
10,2024,SUP001,Al Rajhi Materials Co.,15,12,3,80.0,8.3,29,1.1,28200.19,-2.03,4.5,90.8
10,2024,SUP002,Gulf Packaging Ltd.,21,20,1,95.2,21.5,44,2.03,94011.61,12.84,4.8,94.5
10,2024,SUP003,Eastern Chemicals Corp.,38,35,3,92.1,4.9,39,0.57,91618.5,-3.65,4.1,92.3
10,2024,SUP004,Dubai Steel Industries,40,32,8,80.0,22.2,37,0.47,66719.59,3.66,3.0,83.2
10,2024,SUP005,Nile Textiles Co.,30,25,5,83.3,24.3,89,2.37,50907.14,-7.83,4.0,87.8
10,2024,SUP006,Turkish Components AG,9,8,1,88.9,8.9,19,2.11,108259.03,8.08,4.7,93.0
10,2024,SUP007,Shanghai Electronics Ltd.,28,22,6,78.6,4.6,26,1.21,139477.96,5.3,3.8,86.2
10,2024,SUP008,Mumbai Plastics Inc.,39,33,6,84.6,17.0,48,1.24,71002.97,13.38,3.1,82.9
10,2024,SUP009,German Precision GmbH,30,27,3,90.0,14.2,72,1.31,147884.17,9.19,4.8,93.8
10,2024,SUP010,Bahrain Logistics Hub,31,30,1,96.8,7.6,12,0.33,23818.74,14.05,2.7,84.6
10,2024,SUP011,Oman Mineral Resources,16,15,1,93.8,9.1,17,2.04,44697.89,-3.47,4.1,92.4
10,2024,SUP012,Jordan Chemical Works,5,4,1,80.0,22.6,2,0.59,128271.2,8.38,4.9,91.7
10,2024,SUP013,Korean Tech Parts Co.,25,21,4,84.0,22.7,50,1.21,129753.92,9.44,3.4,85.0
10,2024,SUP014,Italian Leather Supplies,11,8,3,72.7,16.8,22,1.8,11333.55,4.55,4.5,87.9
10,2024,SUP015,Malay Rubber Industries,18,13,5,72.2,11.0,31,1.2,74048.85,2.59,4.4,87.8
11,2024,SUP001,Al Rajhi Materials Co.,36,32,4,88.9,12.1,21,0.36,125600.66,9.49,3.4,86.7
11,2024,SUP002,Gulf Packaging Ltd.,21,19,2,90.5,7.4,13,1.21,13750.47,4.39,4.0,91.0
11,2024,SUP003,Eastern Chemicals Corp.,6,5,1,83.3,5.8,2,0.3,64882.98,11.76,2.6,80.6
11,2024,SUP004,Dubai Steel Industries,29,27,2,93.1,5.8,21,1.21,16701.45,7.52,3.2,87.1
11,2024,SUP005,Nile Textiles Co.,12,10,2,83.3,19.7,33,1.38,40553.74,1.17,3.1,84.9
11,2024,SUP006,Turkish Components AG,8,5,3,62.5,19.3,12,2.38,5412.08,-9.85,5.0,86.2
11,2024,SUP007,Shanghai Electronics Ltd.,26,22,4,84.6,8.7,5,0.13,21677.18,10.97,3.3,84.7
11,2024,SUP008,Mumbai Plastics Inc.,27,19,8,70.4,11.7,8,0.28,147133.57,13.01,2.8,77.4
11,2024,SUP009,German Precision GmbH,13,10,3,76.9,24.8,21,2.69,92296.89,3.52,2.8,80.7
11,2024,SUP010,Bahrain Logistics Hub,8,7,1,87.5,18.5,13,0.83,138847.09,-2.62,4.3,92.0
11,2024,SUP011,Oman Mineral Resources,7,5,2,71.4,13.3,17,1.27,44813.15,-7.04,4.1,85.2
11,2024,SUP012,Jordan Chemical Works,27,19,8,70.4,4.3,35,0.94,108165.01,-6.9,3.8,83.5
11,2024,SUP013,Korean Tech Parts Co.,40,31,9,77.5,21.1,42,0.65,145158.86,8.11,4.3,88.0
11,2024,SUP014,Italian Leather Supplies,29,25,4,86.2,21.2,32,0.94,117456.98,-9.27,3.6,86.8
11,2024,SUP015,Malay Rubber Industries,11,7,4,63.6,19.2,19,1.28,130469.86,-7.3,3.8,81.3
12,2024,SUP001,Al Rajhi Materials Co.,9,6,3,66.7,11.8,1,0.09,78660.74,9.4,3.4,80.1
12,2024,SUP002,Gulf Packaging Ltd.,34,28,6,82.4,23.7,68,2.41,133803.61,-1.41,2.7,82.3
12,2024,SUP003,Eastern Chemicals Corp.,15,10,5,66.7,18.3,2,0.08,73941.98,11.15,2.7,76.3
12,2024,SUP004,Dubai Steel Industries,40,38,2,95.0,10.0,77,1.8,94305.19,-0.78,4.1,93.4
12,2024,SUP005,Nile Textiles Co.,40,38,2,95.0,9.4,52,0.94,5338.78,-2.56,3.4,89.8
12,2024,SUP006,Turkish Components AG,21,19,2,90.5,17.7,27,1.84,40675.58,10.0,4.5,92.2
12,2024,SUP007,Shanghai Electronics Ltd.,35,29,6,82.9,8.2,22,0.36,148370.43,6.13,3.2,84.6
12,2024,SUP008,Mumbai Plastics Inc.,14,12,2,85.7,21.2,42,2.4,10769.97,5.75,3.7,87.5
12,2024,SUP009,German Precision GmbH,9,8,1,88.9,11.6,20,2.04,27678.55,3.85,3.6,88.4
12,2024,SUP010,Bahrain Logistics Hub,17,14,3,82.4,10.5,1,0.09,23995.23,2.07,4.9,93.8
12,2024,SUP011,Oman Mineral Resources,23,21,2,91.3,23.7,52,2.36,75113.95,-1.62,2.9,86.0
12,2024,SUP012,Jordan Chemical Works,27,20,7,74.1,19.3,37,1.67,91630.73,-6.38,3.6,83.5
12,2024,SUP013,Korean Tech Parts Co.,26,24,2,92.3,21.8,6,0.13,24312.57,6.94,2.6,84.3
12,2024,SUP014,Italian Leather Supplies,27,23,4,85.2,21.7,65,3.13,69659.9,6.32,2.7,82.0
12,2024,SUP015,Malay Rubber Industries,11,9,2,81.8,22.6,8,0.59,138660.17,8.05,4.4,89.8
